Ano;Receita;CresRec;Ebit;Margem_Ebit(%);Deprec;Capex;varcapgiro;
2016;9,882;-0.033450704;1,317;0.133272617;1,419;-885.999;-556.27;
2017;10,521;0.06456183;3,258;0.309695817;1,404;-1780.302;396.20;
2018;31701.815;2.013254;11727.092;0.369918631;4200.39827;-2423.698;185.651;
2019;26012.94853;-0.179449236;2628.578;0.101064852;8091.929678;-1820.745;1558.063;
2020;30460.27666;0.170965937;8443.393685;0.277183191;6772.804;-1322.058;-1451.302;
