Ano;Receita;CresRec;Ebit;Margem_Ebit(%);Deprec;Capex;varcapgiro;;
2014;7265;0.277025839;1230;0.169304886;889;-607;-510;;
2015;10224;0.407295251;3070;0.300273865;1216;-401;1656;;
2016;9882;-0.033450704;1317;0.133272617;1419;-886;-556;;
2017;10521;0.06456183;3258;0.309695817;1404;-1780;396;;
2018;31702;2.013254;11727;0.369918631;4200;-2424;186;;
;;;;;;;;;
;;;;;;;;;
;;;;;;;;;
;;;;;;;;;
;;;;;;;;;
;;;;;;;;;
