Ano;Receita;CresRec;Ebit;Margem_Ebit(%);Deprec;Margem_Deprec(%);Capex;Margem_Capex(%);varcapgiro
2014;7265;0.277025839;1230;0.169304886;889;0.167405248;-607;-0.083551273;-510
2015;10224;0.407295251;3070;0.300273865;1216;0.138832833;-401;-0.03922144;1656
2016;9882;-0.033450704;1317;0.133272617;1419;0.142023229;-886;-0.089657964;-556
2017;10521;0.06456183;3258;0.309695817;1404;0.133333904;-1780;-0.169185439;396
2018;31702;0.178858054;11727;0.369918631;4200;0.132497091;-2424;-0.076462053;186
